關鍵詞 (ID),所屬分類 (Group),比重 (Importance),特性說明,拓樸關聯 (Links)
原資中心,[行政授權],5,"大專校院原住民族學生資源中心，設立實體文化交流集會所，統籌高教深耕與跨領域原民技職教育，建構一站式學習、生活與職涯支持中樞。","高教深耕計畫附錄2, 原民技職教育發展計畫, 一生四師陪伴機制, 原夢創課基地"
高教深耕計畫附錄2,[行政授權],3,"教育部高教深耕提升高教公共性專案，提供原力勵學金與全額考照補助，破除原民生「打工生存擠壓未來」之困境。","原資中心, 一生四師陪伴機制"
原民技職教育發展計畫,[行政授權],4,"教育部補助發展與改進原住民族技職教育專案，開辦跨域微學分特訓班、證照輔導班、自媒體實戰與校內實習機制。","原資中心, 原子職能證照輔導班, 自媒體與Podcast實戰課程"
一生四師陪伴機制,[行政授權],4,"專責原民導師、心理師、課業助理與部落導師全方位關懷，提供實習、考照與生活之安心後盾。","學生日常生活適應照顧, 原資中心"
學生日常生活適應照顧,[行政授權],2,"以原住民族文化交流集會所為開放式聚點，提供獨立晤談空間，讓學生願意停留並自然觸發職涯諮詢需求。","一生四師陪伴機制, 跨單位資源整合會議"
工讀金與一般獎學金,[行政授權],2,"導入原民會暑期工讀資源與校內原力勵學金，舒緩學生經濟適應焦慮，轉化為就學即戰力培力時間。","原資中心全額考照補助, 原資中心"
跨單位資源整合會議,[行政授權],1,"定期召開教務、職發中心、學產育成與各系所協調會議，打通跨領域學分採計、證照輔導與實習分工通道。","原資中心, 一生四師陪伴機制"
原子多元技能培訓班,[技能培力],3,"開設圖騰美甲、部落調香、Canva視覺排版等第二專長特訓班，將文化底蘊轉化為具備市場價值的專業即戰力。","原子職能證照輔導班, 原民技職教育發展計畫"
食農教育工作坊,[技能培力],3,"建構戶外實踐場域（瑪大小米園/獵寮），結合部落農事職能、傳統歲時祭儀與飲食文化轉譯，串聯微學分認證。","微學分認證轉型, 田野調查與展演實務"
微學分認證轉型,[微學分工坊],4,"將校內實習、自媒體工作坊與食農課程，與通識中心合作轉換為正式微學分，打破系所學分壁壘。","原夢創課基地, 食農教育工作坊"
微學分課程開課申請,[微學分工坊],1,"撰寫跨領域微學分課程計畫書並向通識中心提報審查，建立多元彈性之技職微學分通道。","微學分認證轉型, 原夢創課基地"
流設與視傳系_視覺包裝,[技能培力],4,"跨流行設計與視覺傳達系協同，提供原民圖騰造型包裝、時尚走秀視覺與自媒體數位行銷支援。","展演品牌視覺整體設計, 自媒體與Podcast實戰課程"
展演品牌視覺整體設計,[微學分工坊],4,"整合流設、視傳與藝管系所，打造「原來粟米展」、樂舞團隊與自媒體品牌之主視覺、造型包裝與周邊文創。","流設與視傳系_視覺包裝, 藝管系_產業經紀, 樂舞與自媒體校內實習"
動遊與視傳_數位音效,[技能培力],3,"跨動畫遊戲與視覺傳達設計系資源協同教學，支援 Podcast 配樂、影音剪輯後製與數位行銷素材設計。","自媒體與Podcast實戰課程, 展演品牌視覺整體設計"
文宣海報與社群貼文發布,[技能培力],2,"結合 Canva 實作培訓，負責原資中心活動實體海報製作與線上社群宣傳推播，累積新媒體實戰履歷。","自媒體與Podcast實戰課程, 展演品牌視覺整體設計"
原子職能證照輔導班,[證照導向],5,"與各系所合作開設專業證照輔導班，輔導考取新媒體行銷管理師、烘焙乙級、AOW進階潛水等國家級與專業證照，將技能轉化為正式職場通行證。","原資中心全額考照補助, 自媒體與Podcast實戰課程, 原子多元技能培訓班"
原資中心全額考照補助,[證照導向],3,"提供原民學生全額考照報名費補助與校內帶薪工讀機會，有效減輕經濟焦慮並大幅提高專業證照考取率。","原子職能證照輔導班, 原資中心"
新媒體行銷管理師認證,[證照導向],4,"搭配自媒體實戰課程，輔導學生考取「新媒體行銷管理師」專業證照，落實證照導向與大企業新媒體職缺對接。","自媒體與Podcast實戰課程, 原子職能證照輔導班"
自媒體與Podcast實戰課程,[自媒體實戰],5,"導入自媒體品牌經營、Podcast 聲音採集與短影音 MV 製作課程，培育超過10個常態頻道與破萬點閱作品，厚植數位行銷即戰力。","新媒體行銷管理師認證, 動遊與視傳_數位音效, 樂舞與自媒體校內實習"
Podcast 節目上架與維護,[自媒體實戰],1,"協助學生將《人生中的吉首歌曲》、《Solve 讓大學生解決你》等節目上架至 Spotify 與 Apple Podcast 數位串流平台。","自媒體與Podcast實戰課程, 文宣海報與社群貼文發布"
自媒體設備維護與更新,[自媒體實戰],1,"專業攝影機、錄音筆、直播腳架等自媒體影音器材定期點檢保養與妥善管理。","自媒體與Podcast實戰課程, 動遊與視傳_數位音效"
器材設備借用管理,[實習經營],2,"建立高階攝影器材、錄音筆、展演道具之標準借用歸還與定期保養流程，確保設備妥善率。","樂舞與自媒體校內實習, 動遊與視傳_數位音效"
樂舞與自媒體校內實習,[實習經營],5,"建立校內實習經營機制（進駐「就是部落工作室」實習與原住民族廣播電台見習），推動專業技能與文化產業化。","表藝系_樂舞展演實務, 原夢創課基地, 展演品牌視覺整體設計"
實習合約與保險辦理,[實習經營],1,"辦理學生校內外實習之團體平安保險與合約審查作業，嚴格落實實習職場勞動安全與法規防護。","樂舞與自媒體校內實習, 藝管系_產業經紀"
原夢創課基地,[實習經營],5,"引導學生自主提案、團隊創業經營、文化轉譯與微學分認證轉型之戰略核心，孕育青年微型創業成果。","微學分認證轉型, 樂舞與自媒體校內實習, 田野調查與展演實務"
表藝系_樂舞展演實務,[跨域展演],5,"表演藝術系協同教學，提供傳統樂舞田野調查與舞台幕前幕後實務，將文化底蘊淬鍊為高規格商演能量。","樂舞與自媒體校內實習, 南島文化與國際交流, 田野調查與展演實務"
南島文化與國際交流,[跨域展演],5,"連結國際南島語族文化交流，提升樂舞展演團隊與自媒體品牌之國際移動力與文化外交能見度。","表藝系_樂舞展演實務, 田野調查與展演實務"
田野調查與展演實務,[跨域展演],4,"結合部落耆老與傳統文化採集，將田調成果轉化為樂舞展演、自媒體短影音與策展創作之核心文化資本。","表藝系_樂舞展演實務, 返鄉服務與部落實踐"
藝管系_產業經紀,[跨域展演],4,"藝術管理與藝術經紀系協同教學，負責「原來粟米展」策劃、展演經紀模組與校內實習產線營運管理。","樂舞與自媒體校內實習, 展演品牌視覺整體設計"
產業導師與校友鏈結,[產業實戰],4,"走出校園參訪木匠兄妹、台灣味噌館等實體產業，對接 YS 青年職涯發展中心晤談，推動「U-start原漾計畫」創業養成。","原資中心, 樂舞與自媒體校內實習"
返鄉服務與部落實踐,[產業實戰],4,"落實 SDGs 理念定期組織學生返鄉服務，深化族群文化認同，將部落實踐經驗轉化為自媒體創作養分與在地創生基石。","田野調查與展演實務, 原資中心"
證照考照名冊與通過率統計,[成果驗收],1,"彙整學生考照成果、證照通過率與職場證照大數據，作為教育部計畫成效與校務IR改進依據。","原子職能證照輔導班, 原資中心全額考照補助"
成果報告撰寫,[成果驗收],1,"彙整考照通過率名冊、自媒體觀看成效、實習成果與 U-start 競賽成績，核銷結案並回饋校務 IR 分析與成果典範輸出。","原資中心, 原民技職教育發展計畫"
